{
	"tempHash": "00DF35DD15C9B603",
	"tbluHash": "008B575FFE7254FF",
	"patch": [
		{
			"SubEntityOperation": [
				"3d83b8072eb016f9",
				{
					"SetPropertyValue": {
						"property_name": "m_mTransform",
						"value": {
							"rotation": {
								"x": -54.54954995067888,
								"y": 89.32944871696294,
								"z": -131.52318683684297
							},
							"position": {
								"x": 0.07766299694776535,
								"y": 0.017624999672174454,
								"z": 0.0010140000376850367
							}
						}
					}
				}
			]
		}
	],
	"patchVersion": 6
}
