{
	"tempHash": "00A5EC5F8B1A09A5",
	"tbluHash": "00DB27573BB02B64",
	"patch": [
		{
			"SubEntityOperation": [
				"4ff014df31cbfd4b",
				{
					"SetPropertyValue": {
						"property_name": "m_mTransform",
						"value": {
							"rotation": {
								"x": -54.54954995067888,
								"y": 89.32944871696294,
								"z": -131.52318683684297
							},
							"position": {
								"x": 0.07766299694776535,
								"y": 0.017624999672174454,
								"z": 0.0010140000376850367
							}
						}
					}
				}
			]
		}
	],
	"patchVersion": 6
}
