{
	"tempHash": "00803992B59BB025",
	"tbluHash": "00D5D8D15E4F8E9A",
	"patch": [
		{
			"SubEntityOperation": [
				"d4682675d438ee5c",
				{
					"SetPropertyValue": {
						"property_name": "m_mTransform",
						"value": {
							"rotation": {
								"x": -54.54954995067888,
								"y": 89.32944871696294,
								"z": -131.52318683684297
							},
							"position": {
								"x": 0.07766299694776535,
								"y": 0.017624999672174454,
								"z": 0.0010140000376850367
							}
						}
					}
				}
			]
		}
	],
	"patchVersion": 6
}
