{
	"tempHash": "00DA4EE6AD35A5DB",
	"tbluHash": "00DC32C94B47A580",
	"patch": [
		{
			"SubEntityOperation": [
				"3037a4c30fa1ed58",
				{
					"SetPropertyValue": {
						"property_name": "m_mTransform",
						"value": {
							"rotation": {
								"x": -54.54954995067888,
								"y": 89.32944871696294,
								"z": -131.52318683684297
							},
							"position": {
								"x": 0.07766299694776535,
								"y": 0.017624999672174454,
								"z": 0.0010140000376850367
							}
						}
					}
				}
			]
		}
	],
	"patchVersion": 6
}
